"";"x"
"1";"HVCN1"
"2";"LOC105369979"
"3";"LOC105371400"
"4";"LOC105376629"
"5";"METRNL"
"6";"LOC729164"
"7";"LOC101928215"
"8";"S100Z"
"9";"LOC105370931"
"10";"RNA5SP25"
"11";"IGHA1"
"12";"TM6SF1"
"13";"DPP4"
"14";"SLC29A4"
"15";"MIR766"
"16";"ACRC"
"17";"CXCR3"
"18";"LOC105375971"
"19";"TRPM2-AS"
"20";"KLHDC4"
"21";"LOC105374932"
"22";"SERPINF2"
"23";"LOC105374463"
"24";"LOC105377296"
"25";"LOC728099"
"26";"LOC105374759"
"27";"LOC339803"
"28";"C2orf74"
"29";"LOC105374758"
"30";"LOC105373818"
"31";"LOC105372111"
"32";"LOC100996286"
"33";"TRAJ34"
"34";"TRAJ33"
"35";"TRAJ32"
"36";"TRAJ31"
"37";"TRAJ30"
"38";"TRAJ29"
"39";"SLC9C2"
"40";"DPH3P1"
"41";"TRAJ39"
"42";"TRAJ38"
"43";"TRAJ43"
"44";"TRAJ42"
"45";"TRAJ41"
"46";"TRAJ40"
"47";"LOC102724659"
"48";"LOC102723919"
"49";"IL1B"
"50";"IGHM"
"51";"MIR4539"
"52";"MIR4507"
"53";"MIR4538"
"54";"MIR4537"
"55";"IGHJ6"
"56";"IGHJ5"
"57";"IGHJ4"
"58";"IGHJ3"
"59";"IGHJ2"
"60";"IGHJ1"
"61";"IGHD7-27"
"62";"LOC101927942"
"63";"LOC105375557"
"64";"LOC105376310"
"65";"IGHE"
"66";"LOC101927460"
"67";"LOC100130357"
"68";"IL37"
"69";"LOC105373875"
"70";"LINC00266-3"
"71";"WDR86-AS1"
"72";"VGLL1"
"73";"MIR934"
"74";"IL20RB"
"75";"COL10A1"
"76";"TRAJ52"
"77";"ZNF890P"
"78";"LOC105374108"
"79";"TRAJ37"
"80";"TRAJ36"
"81";"TRAJ35"
"82";"ZNRF3-AS1"
"83";"TRAJ50"
"84";"TRAJ49"
"85";"TRAJ48"
"86";"TRAJ47"
"87";"TRAJ46"
"88";"TRAJ45"
"89";"TRAJ44"
"90";"ENAM"
"91";"LOC100996643"
"92";"LINC00243"
"93";"LOC105374415"
"94";"TRS-AGA2-4"
"95";"TRS-AGA2-5"
"96";"TRD-GTC2-11"
"97";"TRS-TGA4-1"
"98";"LOC283177"
"99";"LOC105376028"
"100";"MIR1273E"
"101";"DEFA5"
"102";"LOC105377799"
"103";"MIR103A2"
"104";"MIR103B2"
"105";"CAPSL"
"106";"LOC105371155"
"107";"IL12B"
"108";"CASP12"
"109";"C1orf220"
"110";"LOC105371624"
"111";"COL1A2"
"112";"LOC100996761"
"113";"LOC105369673"
"114";"LOC105369737"
"115";"LOC105373584"
"116";"MIR4632"
"117";"SGCB"
"118";"LOC105371512"
"119";"LOC105370259"
"120";"NPIPB11"
"121";"PRR4"
"122";"LOC105370449"
"123";"LOC102723319"
"124";"RNU1-28P"
"125";"LOC105370448"
"126";"SLC4A10"
"127";"LOC105376773"
"128";"JPH2"
"129";"OR6K3"
"130";"MYH3"
"131";"LOC105371631"
"132";"LOC105373472"
"133";"LOC105375724"
"134";"LINC00920"
"135";"LOC105370176"
"136";"LOC105372243"
"137";"LOC105374399"
"138";"KCNIP4"
"139";"LL22NC03-75H12.2"
"140";"FANK1-AS1"
"141";"LOC105375046"
"142";"LYZL1"
"143";"LOC643438"
"144";"CDH5"
"145";"RNU6-68P"
"146";"TRA-AGC7-1"
"147";"TRT-AGT3-1"
"148";"TRA-CGC4-1"
"149";"TRV-AAC6-1"
"150";"LOC102724511"
"151";"CXorf36"
"152";"LOC105373087"
"153";"LOC102723409"
"154";"GPR45"
"155";"C9orf84"
"156";"OR52K1"
"157";"LRFN5"
"158";"SAMD12"
"159";"ARHGEF5"
"160";"LOC284788"
"161";"LOC105376995"
"162";"GPC6"
"163";"LOC105373484"
"164";"SPACA3"
"165";"LOC105371473"
"166";"GKN2"
"167";"ZNF112"
"168";"LOC105369593"
"169";"C1R"
"170";"HS3ST2"
"171";"C5orf67"
"172";"LOC101929401"
"173";"LOC102723838"
"174";"LOC101928049"
"175";"LOC100652901"
"176";"LOC102724927"
"177";"KCNQ5-AS1"
"178";"LOC105378017"
"179";"LOC105377113"
"180";"TRV-CAC5-1"
"181";"LOC105379285"
"182";"OR2T2"
"183";"LOC105373279"
"184";"OR2T3"
"185";"OR14I1"
"186";"OR2T5"
"187";"LOC102723566"
"188";"LOC105374352"
"189";"LOC105374156"
"190";"CBS"
"191";"LOC105369197"
"192";"CDX1"
"193";"LOC105372880"
"194";"OR1J2"
"195";"PRSS38"
"196";"CTB-3M24.3"
"197";"OR2A1-AS1"
"198";"DHRS9"
"199";"LOC105375820"
"200";"IL13"
"201";"LOC105379041"
"202";"RNA5SP186"
"203";"LOC105369988"
"204";"LINC00841"
"205";"LOC105371967"
"206";"LPA"
"207";"TRNAV-CAC"
"208";"LOC105369628"
"209";"BMPR1B"
"210";"LOC105378188"
"211";"LOC105377652"
"212";"LOC105369382"
"213";"C8A"
"214";"LOC100499194"
"215";"LINC01191"
"216";"LOC101928449"
"217";"TSHZ2"
"218";"MTRNR2L6"
"219";"TRBV25-1"
"220";"LOC105376554"
"221";"LOC105370883"
"222";"INSL3"
"223";"GPER1"
"224";"LOC105376513"
"225";"TDRG1"
"226";"LOC105374211"
"227";"CPN1"
"228";"TLR4"
"229";"COL6A3"
"230";"MIR6871"
"231";"LOC105371791"
"232";"LOC105372030"
"233";"LOC105370973"
"234";"PIEZO2"
"235";"LOC646629"
"236";"LOC105369156"
"237";"LOC105369342"
"238";"LOC105376161"
"239";"LOC105370085"
"240";"LOC105370671"
"241";"MROH2A"
"242";"LOC105374674"
"243";"THBD"
"244";"TRE-TTC3-1"
"245";"LOC105370258"
"246";"TMEM92-AS1"
"247";"SORCS1"
"248";"LOC105375014"
"249";"RNA5SP305"
"250";"MAP1LC3C"
"251";"LOC105372426"
"252";"LOC102723505"
"253";"LINC01152"
"254";"LOC102723517"
"255";"LOC105378844"
"256";"LOC105369166"
"257";"LOC105373033"
"258";"ODF3L2"
"259";"APOBEC3A"
"260";"LOC105370998"
"261";"ORM1"
"262";"LOC646736"
"263";"SNORA36C"
"264";"LOC105375743"
"265";"TGFBI"
"266";"LOC105370949"
"267";"LOC105375094"
"268";"LOC105372535"
"269";"PAPL"
"270";"LOC105370498"
"271";"LOC105369650"
"272";"LOC101928409"
"273";"LOC101928087"
"274";"ADAMTS8"
"275";"DDO"
"276";"HUS1B"
"277";"LOC100288893"
"278";"LOC100131257"
"279";"LOC105375138"
"280";"LOC105372358"
"281";"LOC105375402"
"282";"GNG11"
"283";"IL34"
"284";"SLC12A1"
"285";"MIR5692A2"
"286";"LOC101928605"
"287";"ARHGEF34P"
"288";"ZP1"
"289";"TNNT1"
"290";"LINC01498"
"291";"PNMAL2"
"292";"UQCRHP2"
"293";"LOC613266"
"294";"LINC00619"
"295";"EPHB1"
"296";"LOC101929713"
"297";"GLRA3"
"298";"LOC102724933"
"299";"LOC105376996"
"300";"GIPC2"
"301";"PADI4"
"302";"LOC105371674"
"303";"LOC105373791"
"304";"MIR1245A"
"305";"MIR1245B"
"306";"MIR3691"
"307";"ZFP2"
"308";"LRP5L"
"309";"ABCC2"
"310";"LOC105372131"
"311";"ZC2HC1A"
"312";"LOC100128362"
"313";"MIR676"
"314";"AWAT2"
"315";"LOC105377988"
"316";"LOC101929272"
"317";"AKAP12"
"318";"LOC105370782"
"319";"LOC105371688"
"320";"LOC102724350"
"321";"MIR140"
"322";"LOC105377000"
"323";"LINC00692"
"324";"LOC105370996"
"325";"LOC105371692"
"326";"LOC105374417"
"327";"NDP"
"328";"PAK3"
"329";"MIR3658"
"330";"DNM3OS"
"331";"PCLO"
"332";"LOC105370641"
"333";"LOC100507420"
"334";"LOC105374666"
"335";"LOC105377316"
"336";"TLR1"
"337";"LOC101930164"
"338";"DNHD1"
"339";"LOC102724333"
"340";"LOC105369486"
"341";"RNA5SP323"
"342";"OR2B11"
"343";"LOC105375642"
"344";"CCDC169-SOHLH2"
"345";"LOC102724208"
"346";"OPTC"
"347";"LOC101929756"
"348";"LOC101927973"
"349";"LOC105378891"
"350";"LOC105373956"
"351";"LINC00633"
"352";"LOC100287728"
"353";"LOC105378029"
"354";"COL12A1"
"355";"BTBD16"
"356";"CCDC141"
"357";"LOC105372900"
"358";"DNAJC5G"
"359";"COL5A1"
"360";"IL13RA2"
"361";"LOC101928250"
"362";"LOC105374520"
"363";"LINC01392"
"364";"TRQ-TTG2-1"
"365";"FPR3"
"366";"LOC102725208"
"367";"SPARC"
"368";"PDZD2"
"369";"ABCB11"
"370";"LRP1B"
"371";"NPIPB5"
"372";"LOC105371131"
"373";"TLN2"
"374";"AKNAD1"
"375";"LOC101927580"
"376";"TGM7"
"377";"TMEM244"
"378";"LOC105377999"
"379";"TRBV6-5"
"380";"LOC105373723"
"381";"LOC105377374"
"382";"PDCD1LG2"
"383";"LOC105370297"
"384";"OSBPL10"
"385";"MIR6814"
"386";"LOC105374184"
"387";"LOC101927871"
"388";"LOC105378836"
"389";"ARHGAP8"
"390";"TNC"
"391";"CST3"
"392";"DNAH9"
"393";"LOC105374467"
"394";"CLIP1-AS1"
"395";"LOC105374073"
"396";"LOC105379030"
"397";"LINC00160"
"398";"LINC01426"
"399";"LOC105378031"
"400";"GDPD4"
"401";"SLC22A1"
"402";"ANXA8L1"
"403";"LINC00842"
"404";"ALDH8A1"
"405";"LOC102724934"
"406";"CHRNA3"
"407";"LOC105378536"
"408";"LOC105377669"
"409";"LINC00923"
"410";"TRC-GCA8-1"
"411";"LOC339862"
"412";"LINC00326"
"413";"LOC105377945"
"414";"LOC105369463"
"415";"LOC105376808"
"416";"BCYRN1"
"417";"LOC105376696"
"418";"GPR17"
"419";"ZBED9"
"420";"TRS-GCT4-3"
"421";"TRBV7-4"
"422";"TRBV5-4"
"423";"LIMS2"
"424";"LOC105375983"
"425";"LOC105374528"
"426";"FCGR2B"
"427";"LOC105372538"
"428";"GTSF1L"
"429";"LOC100131496"
"430";"LOC101929615"
"431";"LOC105371023"
"432";"LINC01488"
"433";"OR5AU1"
"434";"CCDC73"
"435";"LOC101929988"
"436";"LOC105371331"
"437";"LOC102724711"
"438";"LOC105374210"
"439";"CLDN11"
"440";"MIR6828"
"441";"RNA5SP236"
"442";"LOC101928708"
"443";"PDZRN4"
"444";"PI15"
"445";"LOC101927854"
"446";"LOC101927043"
"447";"GLYATL2"
"448";"LOC105377042"
"449";"ADCY2"
"450";"LOC105374716"
"451";"CTD-2201I18.1"
"452";"KRTAP4-8"
"453";"KRTAP4-9"
"454";"TRA-AGC1-1"
"455";"LOC105372916"
"456";"LOC105379290"
"457";"LOC105375879"
"458";"LOC105375878"
"459";"KANK4"
"460";"FAM138E"
"461";"MIR1302-10"
"462";"LOC728805"
"463";"EBLN2"
"464";"C9orf135"
"465";"GLRB"
"466";"TRA-TGC1-1"
"467";"TRF-GAA1-5"
"468";"LOC101927356"
"469";"HLX-AS1"
"470";"LOC105373280"
"471";"HLX"
"472";"LOC105375403"
"473";"IL7R"
"474";"IL7"
"475";"LOC105375856"
"476";"LOC105376292"
"477";"LOC101927284"
"478";"BHMT"
"479";"LOC105378253"
"480";"C20orf141"
"481";"TMEM239"
"482";"RNA5SP194"
"483";"LOC105373900"
"484";"LOC105369693"
"485";"MOBP"
"486";"PISRT1"
"487";"LINC00922"
"488";"LOC102724539"
"489";"MRVI1"
"490";"RNA5SP309"
"491";"LOC105369407"
"492";"LOC105370815"
"493";"MLPH"
"494";"TIMP3"
"495";"LOC105373717"
"496";"KCNMA1"
"497";"PLCB4"
"498";"SEC16B"
"499";"TRR-CCT5-1"
"500";"CCL22"
"501";"LOC105373230"
"502";"TRV-CAC6-1"
"503";"TRS-CGA2-1"
"504";"TRR-ACG2-2"
"505";"TRR-ACG2-3"
"506";"TRA-TGC7-1"
"507";"TNFAIP8L3"
"508";"GPX5"
"509";"TRI-TAT3-1"
"510";"TRR-TCG5-1"
"511";"C1orf110"
"512";"LOC105373653"
"513";"ANK3"
"514";"PSG5"
"515";"RNU6-10P"
"516";"LOC101928270"
"517";"LOC105369512"
"518";"HBE1"
"519";"LCRB"
"520";"LOC105375455"
"521";"LOC105375209"
"522";"LOC84214"
"523";"LOC102467655"
"524";"MIR3122"
"525";"RNU6-42P"
"526";"HMGN2P28"
"527";"LOC105369293"
"528";"LOC105369303"
"529";"LOC100505609"
"530";"SLIT2"
"531";"RIPPLY1"
"532";"CLDN2"
"533";"LOC105375848"
"534";"PENK"
"535";"LOC105378832"
"536";"MEG3"
"537";"PLA2G4A"
"538";"LOC105373261"
"539";"HMGA2"
"540";"LINC01376"
"541";"SOX6"
"542";"TRY-ATA1-1"
"543";"THSD7B"
"544";"EDN1"
"545";"LOC101927198"
"546";"PRKG1-AS1"
"547";"DKK1"
"548";"LOC105372442"
"549";"KLK7"
"550";"LOC105377632"
"551";"TBC1D8B"
"552";"LOC105377394"
"553";"LOC105375407"
"554";"LOC105377717"
"555";"LOC105377059"
"556";"LOC105371711"
"557";"LOC400043"
"558";"TRI-AAT8-1"
"559";"TRR-ACG2-4"
"560";"TRS-CGA3-1"
"561";"LOC400620"
"562";"LOC105373886"
"563";"TMEM8C"
"564";"LOC105372701"
"565";"LOC105375703"
"566";"PLEK2"
"567";"TRP-CGG2-1"
"568";"TRS-GCT1-1"
"569";"FLJ40288"
"570";"COL28A1"
"571";"LOC105379054"
"572";"LINC00607"
"573";"LOC105369906"
"574";"LOC101928096"
"575";"GOLGA8G"
"576";"IQCJ-SCHIP1-AS1"
"577";"MGLL"
"578";"LOC105373380"
"579";"LOC101927493"
"580";"LOC102724584"
"581";"LOC102477328"
"582";"LOC105376312"
"583";"LOC101929507"
"584";"LINC00583"
"585";"LOC105371548"
"586";"LOC105370139"
"587";"LOC101927844"
"588";"LINC01485"
"589";"LOC100506444"
"590";"LOC101927692"
"591";"SUCLG2P2"
"592";"MIR5700"
"593";"LOC105374056"
"594";"INHA"
"595";"MIR4265"
"596";"CNTNAP2"
"597";"LOC105373790"
"598";"LOC105377989"
"599";"PDE1A"
"600";"LOC105372668"
"601";"LOC105370581"
"602";"LOC105379333"
"603";"C10orf67"
"604";"SGIP1"
"605";"C12orf56"
"606";"MIR4711"
"607";"LOC105375269"
"608";"LOC101929535"
"609";"LOC105375052"
"610";"LOC105377724"
"611";"LOC105377723"
"612";"LGALS3BP"
"613";"C9orf170"
"614";"SRPX2"
"615";"CDH8"
"616";"TMEM56"
"617";"LOC101928472"
"618";"LOC105370956"
"619";"LOC105377641"
"620";"LOC105378781"
"621";"TSPAN6"
"622";"IGF2BP2-AS1"
"623";"OR51B5"
"624";"LOC105371311"
"625";"IMPG1"
"626";"LOC102724068"
"627";"LOC285696"
"628";"DPYD-AS1"
"629";"LOC105375164"
"630";"LOC105370812"
"631";"MIR566"
"632";"IL21-AS1"
"633";"LOC102724550"
"634";"MIR6811"
"635";"KRTAP4-7"
"636";"TRBV10-1"
"637";"TRBV11-1"
"638";"DSCR8"
"639";"IRX6"
"640";"LOC105375792"
"641";"LINC00051"
"642";"LOC105372611"
"643";"RNA5SP364"
"644";"LOC105369883"
"645";"LOC105371081"
"646";"YAP1"
"647";"TRF-GAA3-1"
"648";"TRA-AGC6-1"
"649";"LOC105375850"
"650";"BRINP2"
"651";"TRBV6-6"
"652";"RNF128"
"653";"LOC105373792"
"654";"LOC105377529"
"655";"LINC01214"
"656";"LOC105375636"
"657";"LOC105372976"
"658";"MIR3619"
"659";"RSPO3"
"660";"LOC105377377"
"661";"KIAA0408"
"662";"LOC101929484"
"663";"MYOF"
"664";"LINC01423"
"665";"LOC105375276"
"666";"MIR2052HG"
"667";"LOC105377005"
"668";"LOC105375858"
"669";"LOC105374721"
"670";"PDGFC"
"671";"LOC105376383"
"672";"BEST3"
"673";"LOC105370206"
"674";"TACR1"
"675";"SORCS3"
"676";"LOC101928394"
"677";"C5orf66"
"678";"LOC105374291"
"679";"RNA5SP303"
"680";"GSN-AS1"
"681";"TRG-CCC5-1"
"682";"LOC102723383"
"683";"LOC101928020"
"684";"SOHLH2"
"685";"LOC105378705"
"686";"LOC105370677"
"687";"TBX18"
"688";"ZIC4"
"689";"LOC105374541"
"690";"PRRG1"
"691";"LOC102724080"
"692";"LOC105369540"
"693";"LOC105377304"
"694";"LOC105373061"
"695";"LOC105374325"
"696";"LOC105369880"
"697";"TRL-TAA4-1"
"698";"TRV-AAC5-1"
"699";"TRI-AAT5-5"
"700";"SDPR"
"701";"LOC102724714"
"702";"EVA1A"
"703";"LOC340512"
"704";"LOC105378963"
"705";"LOC105378773"
"706";"LOC105374183"
"707";"LYG1"
"708";"TEX26"
"709";"LOC105370145"
"710";"LOC105373455"
"711";"TRH-GTG1-9"
"712";"LOC105378137"
"713";"LOC105375182"
"714";"MIR31"
"715";"HLA-DQA1"
"716";"PRRX2-AS1"
"717";"BMP5"
"718";"LOC105373408"
"719";"COL5A1-AS1"
"720";"MIR548H3"
"721";"NME8"
"722";"LOC105376374"
"723";"LOC105377407"
"724";"LOC105377406"
"725";"LOC101927668"
"726";"LOC105376370"
"727";"EPO"
"728";"LOC101927525"
"729";"LOC101928860"
"730";"SOX2-OT"
"731";"LOC105376577"
"732";"LOC105373128"
"733";"LOC105372132"
"734";"LOC101928439"
"735";"LOC105372244"
"736";"LOC105372763"
"737";"TACSTD2"
"738";"LOC105376212"
"739";"CALCRL"
"740";"LOC105374569"
"741";"KCNMB2-AS1"
"742";"KCNMB2"
"743";"LOC105374122"
"744";"NUPR1"
"745";"LOC105377864"
"746";"HTR1B"
"747";"LOC649133"
"748";"LOC105369531"
"749";"LOC105376558"
"750";"LOC105369924"
"751";"SEMA6A-AS1"
"752";"LOC105377655"
"753";"NRG1"
"754";"LOC101927865"
"755";"LOC105378182"
"756";"SMCP"
"757";"SYNPO2"
"758";"LOC101927646"
"759";"LINC00396"
"760";"PTGFR"
"761";"COL14A1"
"762";"LOC105379197"
"763";"LOC401287"
"764";"LOC105379103"
"765";"KIAA1024"
"766";"LOC101929415"
"767";"LOC105375518"
"768";"LOC105375517"
"769";"LOC105370171"
"770";"LOC105378870"
"771";"LOC729987"
"772";"RBM24"
"773";"C5orf66-AS2"
"774";"LINC01500"
"775";"LOC105370187"
"776";"PSG2"
"777";"TRA-AGC3-1"
"778";"SLC13A4"
"779";"LOC283299"
"780";"LOC105374485"
"781";"CACNA2D1"
"782";"MIR31HG"
"783";"CYP19A1"
"784";"SPINT5P"
"785";"LINC00928"
"786";"LOC102724700"
"787";"PDIA5"
"788";"LOC105377545"
"789";"LOC101928509"
"790";"TMEM98"
"791";"LOC102724731"
"792";"LOC101927950"
"793";"LOC105375778"
"794";"CDK14"
"795";"LINC00363"
"796";"LOC105369957"
"797";"STK33"
"798";"LOC101928008"
"799";"LOC105371115"
"800";"ASAP2"
"801";"FAT3"
"802";"LOC105375362"
"803";"KY"
"804";"ARMCX1"
"805";"TXNDC2"
"806";"CMTM1"
"807";"TRA-TGC5-1"
"808";"TRF-GAA4-1"
"809";"CUZD1"
"810";"MIR214"
"811";"MIR3120"
"812";"MIR199A2"
"813";"LOC105374216"
"814";"MIR569"
"815";"MIR579"
"816";"IDO2"
"817";"LOC105375753"
"818";"LOC105377721"
"819";"LOC105379384"
"820";"LOC105374086"
"821";"LOC105377681"
"822";"LOC100505664"
"823";"RNA5SP478"
"824";"MIR5094"
"825";"LOC105370504"
"826";"LOC105378834"
"827";"RNA5SP52"
"828";"LOC100129940"
"829";"TRHR"
"830";"KCNT2"
"831";"LOC101929251"
"832";"LOC102724214"
"833";"TRG-GCC1-5"
"834";"LOC100506497"
"835";"MIR3972"
"836";"LOC105376501"
"837";"ARHGAP29"
"838";"PPIP5K1"
"839";"MYO3B"
"840";"LOC105374839"
"841";"GNG12"
"842";"CTGF"
"843";"CACNA2D3"
"844";"LOC105377978"
"845";"LOC105374182"
"846";"LOC105369961"
"847";"LOC100506551"
"848";"FBN2"
"849";"LOC105379168"
"850";"LOC105377148"
"851";"LINC00862"
"852";"LOC105371944"
"853";"RASAL2"
"854";"SH3RF2"
"855";"LOC105373177"
"856";"SLC3A1"
"857";"LINC00840"
"858";"LOC102725045"
"859";"LOC101927062"
"860";"HAO2"
"861";"HAO2-IT1"
"862";"LOC105378789"
"863";"LOC105369844"
"864";"LOC105370243"
"865";"PRELP"
"866";"MIR6124"
"867";"PRLR"
"868";"LOC105378933"
"869";"LOC105379307"
"870";"ASXL3"
"871";"RIPK4"
"872";"LOC105371993"
"873";"BASP1"
"874";"SCHIP1"
"875";"LOC105373683"
"876";"LOC105376369"
"877";"LOC105376107"
"878";"LINC01090"
"879";"DSCAM"
"880";"CXCL3"
"881";"LOC105377275"
"882";"TRH-GTG1-4"
"883";"TNFSF18"
"884";"CPA5"
"885";"LOC105375504"
"886";"LOC105370269"
"887";"DRP2"
"888";"TAF7L"
"889";"LOC105378974"
"890";"PPIC"
"891";"LOC105370246"
"892";"LOC105376870"
"893";"LOC105378850"
"894";"MIR1468"
"895";"B3GALT5"
"896";"LOC105372805"
"897";"LINC01340"
"898";"LOC105378526"
"899";"LOC105376601"
"900";"CHODL-AS1"
"901";"FLJ41278"
"902";"LOC101926940"
"903";"DMRTB1"
"904";"TP63"
"905";"LOC728667"
"906";"AR"
"907";"THSD4"
"908";"IL6"
"909";"PTPRQ"
"910";"LOC105374996"
"911";"TRA-TGC2-1"
"912";"TRT-CGT3-1"
"913";"TRA-AGC4-1"
"914";"LOC100506731"
"915";"NXPH2"
"916";"LOC105376993"
"917";"SH3TC2"
"918";"LOC105370275"
"919";"LOC105372915"
"920";"ADGRG7"
"921";"LOC100996345"
"922";"LOC105371272"
"923";"PRDM6"
"924";"LOC105375251"
"925";"LOC105369806"
"926";"LOC105370338"
"927";"LOC105376488"
"928";"LINC00911"
"929";"LOC105376828"
"930";"LINC00506"
"931";"LOC101928474"
"932";"LOC105371225"
"933";"CTB-78F1.2"
"934";"LOC105369497"
"935";"LOC101927521"
"936";"LOC102723549"
"937";"TMEM14E"
"938";"RNA5SP48"
"939";"LOC101929325"
"940";"DLX5"
"941";"GPR156"
"942";"LOC101929232"
"943";"METTL11B"
"944";"CNTN6"
"945";"LOC105376924"
"946";"LOC105376923"
"947";"LOC105373178"
"948";"LOC105377556"
"949";"LOC102725220"
"950";"LOC105370124"
"951";"LOC102723956"
"952";"LOC105376214"
"953";"LOC105373170"
"954";"LINC01341"
"955";"MIR4497"
"956";"LOC105376209"
"957";"LOC105377117"
"958";"CFH"
"959";"EDAR"
"960";"LINC00968"
"961";"ATP8B1"
"962";"LOC105376235"
"963";"NAT2"
"964";"SUMO2P6"
"965";"RNA5SP241"
"966";"TRS-TGA2-1"
"967";"TRQ-CTG2-1"
"968";"TRS-AGA4-1"
"969";"LOC105371209"
"970";"LOC105370177"
"971";"LOC105376833"
"972";"LMX1A"
"973";"LOC105371014"
"974";"KRT39"
"975";"ANXA10"
"976";"LOC105374664"
"977";"LOC105375926"
"978";"DLGAP1-AS4"
"979";"LINC00161"
"980";"KIF28P"
"981";"LOC101929586"
"982";"DISC2"
"983";"LINC01539"
"984";"LOC105375171"
"985";"PPP1R1C"
"986";"ABCC9"
"987";"LOC105371973"
"988";"LOC105371974"
"989";"LOC102724482"
"990";"MIR2278"
"991";"NNMT"
"992";"LOC105376643"
"993";"LOC101928156"
"994";"LOC100129484"
"995";"LOC105377043"
"996";"LOC105372541"
"997";"IQCJ-SCHIP1"
"998";"LOC105377808"
"999";"LOC105369919"
"1000";"LOC105369918"
"1001";"LOC105369617"
"1002";"LOC105372249"
"1003";"RNA5SP227"
"1004";"SCN7A"
"1005";"LOC105376375"
"1006";"SLC15A1"
"1007";"LOC105370330"
"1008";"HTR1D"
"1009";"SLC35F4"
"1010";"WFDC5"
"1011";"BCO1"
"1012";"RASGRF1"
"1013";"LOC105370917"
"1014";"LOC105377150"
"1015";"LOC105376079"
"1016";"LOC101928404"
"1017";"MIR4662B"
"1018";"MIR4662A"
"1019";"LOC105375508"
"1020";"LOC105373141"
"1021";"SH3PXD2A-AS1"
"1022";"THRB"
"1023";"PRR26"
"1024";"LOC105376339"
"1025";"LOC105369564"
"1026";"LOC285768"
"1027";"LOC105377413"
"1028";"INTU"
"1029";"TWIST2"
"1030";"LOC105372568"
"1031";"PTPRZ1"
"1032";"LOC105375328"
"1033";"TRR-TCT5-1"
"1034";"COL11A1"
"1035";"LOC105377985"
"1036";"SH3RF1"
"1037";"MMP1"
"1038";"GRIA1"
"1039";"KCTD4"
"1040";"PIRC66"
"1041";"LOC105373737"
"1042";"TRS-AGA1-1"
"1043";"KCNK2"
"1044";"LOC105378045"
"1045";"LOC105376961"
"1046";"LOC105376960"
"1047";"TGM3"
"1048";"LOC105372356"
"1049";"LOC105377853"
"1050";"UBE2Q2L"
"1051";"LOC105370937"
"1052";"LOC105374537"
"1053";"CACNA1C-IT3"
"1054";"CYR61"
"1055";"ITGA2"
"1056";"SASH1"
"1057";"BICC1"
"1058";"LOC101927296"
"1059";"CDSN"
"1060";"RBMS3-AS3"
"1061";"LOC101927969"
"1062";"CACNA2D3-AS1"
"1063";"LOC105372130"
"1064";"MIR8082"
"1065";"SCARA3"
"1066";"LINC01549"
"1067";"ANKRD55"
"1068";"LOC105378378"
"1069";"TNNI3K"
"1070";"LOC105378805"
"1071";"LOC105378804"
"1072";"MIPOL1"
"1073";"LOC105376293"
"1074";"PRICKLE2"
"1075";"LOC105373727"
"1076";"LOC105376868"
"1077";"LINC01087"
"1078";"LOC105373766"
"1079";"LOC105373536"
"1080";"LOC101928241"
"1081";"LOC105378865"
"1082";"LOC105376406"
"1083";"LOC105374931"
"1084";"FMN2"
"1085";"LOC105369992"
"1086";"LOC105374588"
"1087";"LOC105369385"
"1088";"DGKB"
"1089";"RNA5SP181"
"1090";"FLRT2"
"1091";"LOC102724245"
"1092";"PTN"
"1093";"LOC105374764"
"1094";"MYLK-AS2"
"1095";"LINC01422"
"1096";"LOC105370317"
"1097";"VTCN1"
"1098";"SMIM21"
"1099";"LOC105374150"
"1100";"CASC17"
"1101";"LOC105379028"
"1102";"LOC105378352"
"1103";"FRMPD4"
"1104";"LOC105374978"
"1105";"ARNT2"
"1106";"SCARA5"
"1107";"LOC105371480"
"1108";"LOC105377688"
"1109";"LOC101928964"
"1110";"LOC101928955"
"1111";"LOC105372521"
"1112";"LOC102723896"
"1113";"SNRPGP9"
"1114";"LOC105377689"
"1115";"LOC101928383"
"1116";"SCRG1"
"1117";"ZFHX4-AS1"
"1118";"CNTNAP4"
"1119";"GNG12-AS1"
"1120";"MIR4636"
"1121";"KRTAP4-2"
"1122";"KRTAP4-1"
"1123";"RNA5SP365"
"1124";"GRIA3"
"1125";"LGR5"
"1126";"LOC105369833"
"1127";"ADAMTS3"
"1128";"LOC105375639"
"1129";"LOC101928658"
"1130";"LOC105377481"
"1131";"WISP2"
"1132";"LINC01081"
"1133";"LOC105377014"
"1134";"LOC101928015"
"1135";"LOC105370356"
"1136";"MYO16-AS1"
"1137";"CASC15"
"1138";"LINC00381"
"1139";"LOC105373118"
"1140";"LOC105376570"
"1141";"LOC105376210"
"1142";"ART4"
"1143";"PLAC9"
"1144";"LOC105369807"
"1145";"KSR2"
"1146";"POPDC3"
"1147";"LOC729856"
"1148";"GALNT13"
"1149";"LINC00536"
"1150";"USH2A"
"1151";"LOC105376402"
"1152";"MMP10"
"1153";"RIT2"
"1154";"LOC105374734"
"1155";"LOC101928286"
"1156";"PLP1"
"1157";"LCE1F"
"1158";"LCE1E"
"1159";"MIR6832"
"1160";"MMP12"
"1161";"LOC105369541"
"1162";"LOC105370610"
"1163";"XKR3"
"1164";"LOC102723967"
"1165";"FIBIN"
"1166";"LOC105370607"
"1167";"IFNGR2"
"1168";"HNMT"
"1169";"LOC101929352"
"1170";"LOC102723622"
"1171";"LOC105372044"
"1172";"LOC105374169"
"1173";"LOC105379096"
"1174";"C9orf92"
"1175";"LOC105376407"
"1176";"LOC102723525"
"1177";"OR8A1"
"1178";"KIAA1598"
"1179";"NGF"
"1180";"KCNG2"
"1181";"LOC105377869"
"1182";"LOC105378386"
"1183";"SEMA3A"
"1184";"LINC01317"
"1185";"LOC153910"
"1186";"UBE2U"
"1187";"TUNAR"
"1188";"FHOD3"
"1189";"GPRC5D"
"1190";"LOC101927916"
"1191";"PHEX"
"1192";"LOC105373464"
"1193";"LOC105376241"
"1194";"LOC105373786"
"1195";"TFPI"
"1196";"LOC101928272"
"1197";"ANKFN1"
"1198";"LOC105374511"
"1199";"LOC105376664"
"1200";"LOC105378813"
"1201";"LOC105374650"
"1202";"SERPINA5"
"1203";"LOC105379082"
"1204";"LOC105370881"
"1205";"TUBB3P2"
"1206";"RNA5SP339"
"1207";"C1orf87"
"1208";"SEMA3C"
"1209";"PDZRN3-AS1"
"1210";"DGAT2L6"
"1211";"MIR548G"
"1212";"LOC105378326"
"1213";"FAM189A2"
"1214";"LOC105375647"
"1215";"LOC105373690"
"1216";"IL13RA1"
"1217";"LOC101926953"
"1218";"LOC101927823"
"1219";"MIR3129"
"1220";"S100G"
"1221";"LOC105369702"
"1222";"LOC101929258"
"1223";"PSKH2"
"1224";"LOC105379224"
"1225";"LINC01100"
"1226";"LOC105374314"
"1227";"LOC100507065"
"1228";"IGFBP1"
"1229";"DGKI"
"1230";"GULP1"
"1231";"MIR561"
"1232";"CCDC26"
"1233";"LINC00673"
"1234";"LOC101929307"
"1235";"LOC101929284"
"1236";"LOC105372982"
"1237";"GAS6"
"1238";"LOC105370181"
"1239";"KRT23"
"1240";"LOC105375093"
"1241";"LYPD6"
"1242";"CADPS2"
"1243";"LOC105369800"
"1244";"LOC105369799"
"1245";"RNA5SP22"
"1246";"LOC105378319"
"1247";"LOC105373451"
"1248";"HMCN1"
"1249";"LOC101928516"
"1250";"LOC105376535"
"1251";"LOC105372424"
"1252";"LOC105374955"
"1253";"LOC105375821"
"1254";"LOC101927057"
"1255";"LOC105375459"
"1256";"MASP1"
"1257";"ITIH4-AS1"
"1258";"LOC101928418"
"1259";"LOC105369801"
"1260";"LOC105377528"
"1261";"LOC105379300"
"1262";"SACS-AS1"
"1263";"LOC101928047"
"1264";"LOC101929694"
"1265";"LOC105373803"
"1266";"LOC105369194"
"1267";"RNA5SP321"
"1268";"SULT1C2"
"1269";"LOC105372879"
"1270";"RSL24D1P11"
"1271";"CACNB2"
"1272";"MAP1B"
"1273";"RGS13"
"1274";"TMEM81"
"1275";"LOC105374121"
"1276";"SOX5"
"1277";"LOC105377858"
"1278";"LOC105369864"
"1279";"LOC105370065"
"1280";"GRB14"
"1281";"LOC105372181"
"1282";"LOC103021296"
"1283";"LOC102723768"
"1284";"TRV-TAC3-1"
"1285";"NYAP2"
"1286";"DAW1"
"1287";"LOC105375463"
"1288";"PTX3"
"1289";"LOC105378822"
"1290";"DDAH1"
"1291";"LOC101927367"
"1292";"SULT1C2P1"
"1293";"LOC105370530"
"1294";"LOC101927896"
"1295";"TM4SF1"
"1296";"ZFHX4"
"1297";"LOC105372142"
"1298";"ABCA13"
"1299";"LOC105376219"
"1300";"LOC105373529"
"1301";"LOC105369686"
"1302";"LOC105369687"
"1303";"TBX15"
"1304";"LOC101927568"
"1305";"WLS"
"1306";"LOC105377013"
"1307";"IGIP"
"1308";"CALD1"
"1309";"HTRA1"
"1310";"CRYAB"
"1311";"HSPB2"
"1312";"LOC102724000"
"1313";"BIRC7"
"1314";"MIR3196"
"1315";"NKAIN4"
"1316";"CAPNS2"
"1317";"RNA5SP280"
"1318";"LOC105378655"
"1319";"LOC105378654"
"1320";"LOC105370052"
"1321";"LOC105379006"
"1322";"LOC105377054"
"1323";"LOC100996324"
"1324";"DCLK2"
"1325";"LOC105372924"
"1326";"LOC146795"
"1327";"INSC"
"1328";"VAC14-AS1"
"1329";"LOC105372085"
"1330";"LOC105376152"
"1331";"LOC441728"
"1332";"FAM3D"
"1333";"LINC00472"
"1334";"LOC105377508"
"1335";"GLIS3"
"1336";"LOC105369187"
"1337";"LOC105379301"
"1338";"LOC102723548"
"1339";"LOC105372463"
"1340";"LOC105369203"
"1341";"AKR7L"
"1342";"LOC101928277"
"1343";"LOC105372145"
"1344";"LINC01355"
"1345";"LOC105378931"
"1346";"SEMA3D"
"1347";"CTB-113P19.1"
"1348";"LOC105373948"
"1349";"PCDH18"
"1350";"LOC101927235"
"1351";"LOC105377629"
"1352";"LOC105374697"
"1353";"MMP2"
"1354";"TRL-CAA3-1"
"1355";"LOC105371777"
"1356";"TMEM212-AS1"
"1357";"LOC105371393"
"1358";"LOC101927486"
"1359";"LOC105373473"
"1360";"ST8SIA2"
"1361";"INPP4B"
"1362";"LOC105370003"
"1363";"MIR6827"
"1364";"RPTN"
"1365";"LOC105374810"
"1366";"SLC25A21"
"1367";"LOC105370756"
"1368";"LOC105374171"
"1369";"DCSTAMP"
"1370";"LOC105373682"
"1371";"LOC101928632"
"1372";"MIR4472-2"
"1373";"LOC644762"
"1374";"LINC01331"
"1375";"CACNA1C-AS4"
"1376";"LOC105373220"
"1377";"LOC105375914"
"1378";"LOC102723313"
"1379";"PSD3"
"1380";"LOC102724800"
"1381";"LOC101927630"
"1382";"LOC102724344"
"1383";"LINC00632"
"1384";"XG"
"1385";"LINC00907"
"1386";"LOC389602"
"1387";"SPOCK1"
"1388";"LOC105374971"
"1389";"MIR133B"
"1390";"LOC100287413"
"1391";"LOC105376268"
"1392";"FAT1"
"1393";"LOC101928351"
"1394";"LOC101929395"
"1395";"LOC105372519"
"1396";"SLC39A12"
"1397";"LOC101927118"
"1398";"FABP12"
"1399";"MIR6810"
"1400";"LOC105378085"
"1401";"LOC401281"
"1402";"LOC100506178"
"1403";"ACAN"
"1404";"LOC105371610"
"1405";"LOC102724849"
"1406";"LOC105378316"
"1407";"LOC105371340"
"1408";"BMPER"
"1409";"LOC105369454"
"1410";"ADGRF4"
"1411";"HSD11B1"
"1412";"LOC105377554"
"1413";"LINC01279"
"1414";"LOC105375657"
"1415";"LRRC7"
"1416";"CXCL5"
"1417";"LOC105377274"
"1418";"KRT31"
"1419";"LOC100505782"
"1420";"NREP-AS1"
"1421";"LOC101927888"
"1422";"LOC105377488"
"1423";"TMEM100"
"1424";"SPAG17"
"1425";"KIAA1755"
"1426";"GFRA1"
"1427";"LOC100287792"
"1428";"LOC105377998"
"1429";"LOC100130345"
"1430";"LOC105372200"
"1431";"LOC105375043"
"1432";"LOC105378369"
"1433";"LOC105371132"
"1434";"SNTG1"
"1435";"LNX1"
"1436";"LOC101927189"
"1437";"LOC105377574"
"1438";"LOC105375762"
"1439";"LOC105374029"
"1440";"LRRC4C"
"1441";"CLEC18A"
"1442";"LOC105371326"
"1443";"LOC105375081"
"1444";"ASTN2-AS1"
"1445";"OSMR"
"1446";"TJP1"
"1447";"LOC102724442"
"1448";"ZIM2"
"1449";"PEG3"
"1450";"MIMT1"
"1451";"WDFY3-AS2"
"1452";"COL21A1"
"1453";"LOC101928249"
"1454";"LOC105376206"
"1455";"ANGPT1"
"1456";"SEMA5A"
"1457";"LOC105375713"
"1458";"PPP1R3C"
"1459";"PDZRN3"
"1460";"PDLIM4"
"1461";"LOC105378718"
"1462";"MIR4748"
"1463";"LOC105375633"
"1464";"LOC101928004"
"1465";"LOC105376229"
"1466";"LOC105371459"
"1467";"LOC105374600"
"1468";"LOC105374601"
"1469";"NBAT1"
"1470";"LOC105374969"
"1471";"LOC105378088"
"1472";"ANTXR1"
"1473";"ANKRD1"
"1474";"LOC105377447"
"1475";"LOC105370809"
"1476";"EFCAB1"
"1477";"LOC105378810"
"1478";"LOC105378811"
"1479";"LOC101928929"
"1480";"LOC105373877"
"1481";"LOC105369219"
"1482";"LOC105375948"
"1483";"ATP10B"
"1484";"LOC105369314"
"1485";"LOC105376568"
"1486";"LOC105378012"
"1487";"LOC101928326"
"1488";"KRT33B"
"1489";"MACC1"
"1490";"LINC01151"
"1491";"LOC105374065"
"1492";"NPBWR1"
"1493";"PDPN"
"1494";"LOC105374679"
"1495";"CNKSR3"
"1496";"ALDH1L1"
"1497";"C8orf86"
"1498";"LOC101929521"
"1499";"LOC105370769"
"1500";"LOC101929476"
"1501";"MIR8058"
"1502";"LOC105376207"
"1503";"LOC101928882"
"1504";"LOC105374240"
"1505";"SLC16A12"
"1506";"KCNJ6"
"1507";"LOC105371817"
"1508";"LINC01121"
"1509";"LOC105371392"
"1510";"LOC105375873"
"1511";"LOC105371625"
"1512";"LOC105374578"
"1513";"LOC105377604"
"1514";"LOC105374260"
"1515";"TRX-CAT1-6"
"1516";"TRK-TTT6-1"
"1517";"LOC105373784"
"1518";"NUCB1-AS1"
"1519";"LOC105371315"
"1520";"MIR4709"
"1521";"TRD-GTC3-1"
"1522";"TRK-TTT4-1"
"1523";"TRX-CAT1-7"
"1524";"LOC105375264"
"1525";"SMCO2"
"1526";"LOC100128317"
"1527";"LOC100287387"
"1528";"AMOTL2"
"1529";"LOC105377855"
"1530";"LINC01186"
"1531";"LOC105369530"
"1532";"LOC105377196"
"1533";"TM4SF1-AS1"
"1534";"LOC105378057"
"1535";"CADPS"
"1536";"EGFR"
"1537";"ST6GALNAC5"
"1538";"FAM20A"
"1539";"SLC10A6"
"1540";"LOC105375985"
"1541";"LOC105375984"
"1542";"LOC105371886"
"1543";"RNA5SP152"
"1544";"SMOC1"
"1545";"LINC01141"
"1546";"LPAR1"
"1547";"LINC01010"
"1548";"BACE1-AS"
"1549";"LINC01370"
"1550";"LINC01450"
"1551";"LOC105374960"
"1552";"COL3A1"
"1553";"LOC105379176"
"1554";"MIR99A"
"1555";"MIRLET7C"
"1556";"LOC339593"
"1557";"ADAMTSL1"
"1558";"LOC105373710"
"1559";"LOC105373709"
"1560";"LOC105369489"
"1561";"LPPR5"
"1562";"LINC01094"
"1563";"LOC105372866"
"1564";"LOC105377189"
"1565";"LURAP1L-AS1"
"1566";"LURAP1L"
"1567";"LOC105371796"
"1568";"LOC105369624"
"1569";"LOC105377289"
"1570";"LOC101928231"
"1571";"RALYL"
"1572";"LOC105374077"
"1573";"NPAS3"
"1574";"KRT34"
"1575";"LOC105377925"
"1576";"MUSK"
"1577";"RBMS3"
"1578";"ZNF860"
"1579";"MIR6131"
"1580";"PCAT2"
"1581";"PRNCR1"
"1582";"LOC105369577"
"1583";"LOC105370893"
"1584";"LOC101927864"
"1585";"LOC105374776"
"1586";"TRL-CAA2-1"
"1587";"LOC105373452"
"1588";"LOC105373954"
"1589";"LOC100507516"
"1590";"ZNF214"
"1591";"GAS6-AS1"
"1592";"TMPRSS5"
"1593";"PDE10A"
"1594";"CFTR"
"1595";"PLCE1"
"1596";"LOC105377569"
"1597";"LOC105369921"
"1598";"LOC105372150"
"1599";"LOC105370546"
"1600";"PTCHD1-AS"
"1601";"PIPOX"
"1602";"LOC101928919"
"1603";"LOC105372978"
"1604";"LOC105378502"
"1605";"LOC105374326"
"1606";"LOC105377097"
"1607";"GFRA2"
"1608";"LOC105377454"
"1609";"LOC102723839"
"1610";"TRI-TAT2-3"
"1611";"LOC105374763"
"1612";"LOC101930149"
"1613";"LOC105377314"
"1614";"LOC105374977"
"1615";"PART1"
"1616";"TNFSF15"
"1617";"ISLR"
"1618";"LOC105379297"
"1619";"DHX32"
"1620";"PDE1C"
"1621";"LOC105371604"
"1622";"LOC105372813"
"1623";"ZNF366"
"1624";"TRPC4"
"1625";"LOC105373813"
"1626";"SLC8A1"
"1627";"LINC00511"
"1628";"C8orf34"
"1629";"LOC105376967"
"1630";"LOC105376966"
"1631";"LOC105371757"
"1632";"LOC105377123"
"1633";"LOC100130111"
"1634";"TRG-GCC2-3"
"1635";"TRA-CGC2-1"
"1636";"LARS2-AS1"
"1637";"COL5A2"
"1638";"LOC101929236"
"1639";"RNA5SP189"
"1640";"LOC105373640"
"1641";"ZFPM2-AS1"
"1642";"LOC102659288"
"1643";"LOC105374119"
"1644";"LOC105374118"
"1645";"LOC102724719"
"1646";"LOC105375415"
"1647";"LOC105376130"
"1648";"MYBPH"
"1649";"CHI3L1"
"1650";"LOC105375746"
"1651";"C6orf10"
"1652";"PCDH10"
"1653";"MIRLET7A2"
"1654";"LIMCH1"
"1655";"FAM83B"
"1656";"LOC105375980"
"1657";"LOC105376217"
"1658";"PRKCDBP"
"1659";"LOC105373570"
"1660";"LOC105369795"
"1661";"IQCJ"
"1662";"MIR6083"
"1663";"HECW1"
"1664";"LOC105369474"
"1665";"LOC105370134"
"1666";"XDH"
"1667";"FAP"
"1668";"LOC105377880"
"1669";"KRT32"
"1670";"LOC100505841"
"1671";"PSG8"
"1672";"ERBB4"
"1673";"MIR5006"
"1674";"ENO4"
"1675";"LOC105379306"
"1676";"LOC105372926"
"1677";"LAMB1"
"1678";"GLI2"
"1679";"LOC105378772"
"1680";"SEMA6D"
"1681";"LOC105374532"
"1682";"LOC105374811"
"1683";"LOC105376444"
"1684";"APCDD1L-AS1"
"1685";"LOC105371767"
"1686";"MFAP2"
"1687";"LOC105376806"
"1688";"LOC101927880"
"1689";"MIR4296"
"1690";"LOC102800447"
"1691";"SHANK2"
"1692";"GALNT5"
"1693";"APCDD1L"
"1694";"HHIPL2"
"1695";"WDFY3"
"1696";"LOC105376863"
"1697";"LOC101928589"
"1698";"MIR4435-2"
"1699";"CXCL2"
"1700";"MAMDC2"
"1701";"LOC102723886"
"1702";"LINC01487"
"1703";"LOC105377290"
"1704";"ARHGAP24"
"1705";"STRA6"
"1706";"LOC105373505"
"1707";"LOC105374008"
"1708";"LOC105373454"
"1709";"LOC105373502"
"1710";"LOC105374660"
"1711";"CYYR1"
"1712";"WNT2"
"1713";"MIR5191"
"1714";"LOC101929319"
"1715";"LOC101927878"
"1716";"LOC105370540"
"1717";"LOC105372031"
"1718";"LINC01428"
"1719";"NCKAP5"
"1720";"LOC105369706"
"1721";"TRM-CAT4-3"
"1722";"TRM-CAT4-2"
"1723";"LOC101927961"
"1724";"NMNAT2"
"1725";"LOC105369810"
"1726";"FGF7"
"1727";"LOC105375622"
"1728";"LOC101929558"
"1729";"FAM183CP"
"1730";"MIR3148"
"1731";"LOC105369912"
"1732";"C11orf87"
"1733";"LOC101929460"
"1734";"LOC102723576"
"1735";"LOC105377142"
"1736";"LOC105377143"
"1737";"LOC105373545"
"1738";"SYT1"
"1739";"LOC105376574"
"1740";"TMEM212"
"1741";"IDO1"
"1742";"LOC105378764"
"1743";"LOC101928389"
"1744";"LOC101927670"
"1745";"FJX1"
"1746";"TGM4"
"1747";"LOC105378183"
"1748";"MIR4764"
"1749";"CLIC2"
"1750";"LOC101929028"
"1751";"TMTC1"
"1752";"OVAAL"
"1753";"LOC105370221"
"1754";"ADH7"
"1755";"RAI2"
"1756";"LOC105369911"
"1757";"LOC105378899"
"1758";"LOC105378898"
"1759";"EVC"
"1760";"B4GALNT2"
"1761";"LOC105369882"
"1762";"GADD45AP1"
"1763";"KRTAP26-1"
"1764";"KRTAP27-1"
"1765";"LOC105371669"
"1766";"MIR4287"
"1767";"LOC105378771"
"1768";"BNC1"
"1769";"LOC105370932"
"1770";"LOC105375904"
"1771";"LOC101929268"
"1772";"LOC105374586"
"1773";"LOC105378863"
"1774";"LOC100507537"
"1775";"LOC105375588"
"1776";"LOC105375589"
"1777";"GUCA1B"
"1778";"LOC105379033"
"1779";"LOC105371978"
"1780";"NRP2"
"1781";"EPHA3"
"1782";"LOC102724624"
"1783";"LINC00942"
"1784";"LOC100289650"
"1785";"LOC105378006"
"1786";"COL8A1"
"1787";"CGNL1"
"1788";"LOC105370436"
"1789";"PXDN"
"1790";"ANKRD30BP3"
"1791";"MIR3156-1"
"1792";"NFIA-AS1"
"1793";"LOC105369217"
"1794";"MIR2114"
"1795";"LOC105371875"
"1796";"LOC105371874"
"1797";"LOC105378181"
"1798";"LOC105373841"
"1799";"LOC105369867"
"1800";"NPNT"
"1801";"PARVA"
"1802";"LOC105376027"
"1803";"HRCT1"
"1804";"LINC00961"
"1805";"C19orf33"
"1806";"LOC102723345"
"1807";"LOC101927686"
"1808";"LOC105374800"
"1809";"LOC105371579"
"1810";"TM4SF18"
"1811";"SLC7A14"
"1812";"LOC105370885"
"1813";"AKR1D1"
"1814";"MIR4468"
"1815";"C7"
"1816";"LOC105370777"
"1817";"KIAA1217"
"1818";"ABI3BP"
"1819";"SHROOM4"
"1820";"CXCL9"
"1821";"CXCL10"
"1822";"NKX6-1"
"1823";"LOC105373869"
"1824";"LOC105375840"
"1825";"FAM180A"
"1826";"RNA5SP224"
"1827";"DAPK1"
"1828";"GSDMC"
"1829";"LOC105374494"
"1830";"LOC105370531"
"1831";"ADGRL2"
"1832";"EFEMP1"
"1833";"LOC285000"
"1834";"AKR1C1"
"1835";"AKR1C2"
"1836";"LOC102724861"
"1837";"S100A14"
"1838";"IGLV7-43"
"1839";"LOC101929255"
"1840";"LOC105369730"
"1841";"LY96"
"1842";"FCRLA"
"1843";"LOC105376551"
"1844";"C11orf70"
"1845";"CASQ2"
"1846";"ITPRIPL2"
"1847";"SNORA80A"
"1848";"NAV3"
"1849";"GRIK2"
"1850";"LOC101928877"
"1851";"PTPN3"
"1852";"LOC105376097"
"1853";"LOC105377462"
"1854";"ADAM32"
"1855";"SEMA3E"
"1856";"LOC105375378"
"1857";"LOC105377161"
"1858";"RNF180"
"1859";"MIR4803"
"1860";"C11orf86"
"1861";"MIR1262"
"1862";"LINC01118"
"1863";"LOC102724737"
"1864";"MIR3660"
"1865";"IGSF11-AS1"
"1866";"LOC105375662"
"1867";"LOC105373175"
"1868";"NTM"
"1869";"SLC25A18"
"1870";"LOC105372850"
"1871";"LOC101929372"
"1872";"LOC103191607"
"1873";"LOC105370207"
"1874";"MIR3978"
"1875";"OPN1SW"
"1876";"LINC01592"
"1877";"LOC105378279"
"1878";"TRPM6"
"1879";"KRTAP4-6"
"1880";"KRTAP4-5"
"1881";"LOC105377503"
"1882";"LOC105376455"
"1883";"NAMA"
"1884";"LOC105371274"
"1885";"LOC105378368"
"1886";"MIR5584"
"1887";"LOC105372956"
"1888";"ASB5"
"1889";"TRT-TGT1-1"
"1890";"TRL-AAG4-1"
"1891";"LINC01046"
"1892";"TM4SF20"
"1893";"ZNF454"
"1894";"LOC105375379"
"1895";"LOC105371378"
"1896";"F2"
"1897";"SMOC2"
"1898";"KIF25"
"1899";"LOC105377940"
"1900";"MIR6818"
"1901";"LOC101927834"
"1902";"LOC105372152"
"1903";"LOC105370186"
"1904";"LOC105376356"
"1905";"LOC100652768"
"1906";"TAGLN"
"1907";"LOC101927998"
"1908";"LOC102723876"
"1909";"MIR1252"
"1910";"ACSS3"
"1911";"LOC105372548"
"1912";"LOC105371314"
"1913";"PPAP2B"
"1914";"COLEC10"
"1915";"LOC105371543"
"1916";"FBXL7"
"1917";"NPR3"
"1918";"LOC105378929"
"1919";"LOC101929427"
"1920";"LOC100506314"
"1921";"LOC101928304"
"1922";"LOC105378449"
"1923";"PSG4"
"1924";"ADCY8"
"1925";"LOC105375761"
"1926";"SERPING1"
"1927";"SLIT2-IT1"
"1928";"LOC105372058"
"1929";"TMEM47"
"1930";"LOC105372148"
"1931";"MAMDC2-AS1"
"1932";"VSNL1"
"1933";"LOC349160"
"1934";"LOC101927529"
"1935";"PTPRG"
"1936";"LOC105371857"
"1937";"LOC105369715"
"1938";"LOC105375069"
"1939";"LOC285857"
"1940";"LOC105371338"
"1941";"LOC105372518"
"1942";"MIR100HG"
"1943";"LOC105369558"
"1944";"LOC105377157"
"1945";"LOC105372062"
"1946";"LOC105373684"
"1947";"LOC101928453"
"1948";"LOC105376424"
"1949";"NALCN"
"1950";"LOC100506532"
"1951";"LOC401177"
"1952";"LOC105369159"
"1953";"MIR99AHG"
"1954";"LOC105374170"
"1955";"FAM25A"
"1956";"LOC105373893"
"1957";"PSG7"
"1958";"LOC642776"
"1959";"FREM3"
"1960";"LOC105372812"
"1961";"LOC105379385"
"1962";"LOC101928748"
"1963";"SLC8A1-AS1"
"1964";"RBM22P1"
"1965";"LYVE1"
"1966";"LOC101929130"
"1967";"AGXT2"
"1968";"LOC101927697"
"1969";"LOC105372656"
"1970";"LOC105372614"
"1971";"LOC255187"
"1972";"STARD13-AS"
"1973";"LOC105375965"
"1974";"KCNJ16"
"1975";"LOC105375266"
"1976";"LOC497256"
"1977";"MIR6854"
"1978";"RBM5-AS1"
"1979";"LOC105373953"
"1980";"LOC101927355"
"1981";"PLCD4"
"1982";"ARNTL2-AS1"
"1983";"LOC105372693"
"1984";"LOC105375175"
"1985";"MIR6073"
"1986";"LOC105372659"
"1987";"GPR1"
"1988";"RNA5SP160"
"1989";"LOC105377597"
"1990";"RELN"
"1991";"LINC01413"
"1992";"LOC105369483"
"1993";"OSMR-AS1"
"1994";"LOC101929316"
"1995";"LOC105374091"
"1996";"MIR4424"
"1997";"PLET1"
"1998";"MIR2116"
"1999";"RND3"
"2000";"LOC105370496"
"2001";"LOC105378222"
"2002";"MIR584"
"2003";"LOC105377272"
"2004";"LOC105372160"
"2005";"LOC105377952"
"2006";"LOC105377956"
"2007";"LOC105373581"
"2008";"TRG-GCC5-1"
"2009";"CCDC185"
"2010";"LINC00525"
"2011";"LOC105374087"
"2012";"LOC105374410"
"2013";"EDNRA"
"2014";"LY6K"
"2015";"HSD17B2"
"2016";"LOC105370442"
"2017";"BBOX1-AS1"
"2018";"SELENBP1"
"2019";"LOC105374067"
"2020";"LOC105374357"
"2021";"LINC00174"
"2022";"MIR548Q"
"2023";"LOC102467216"
"2024";"FER1L6-AS2"
"2025";"C7orf69"
"2026";"DCLK1"
"2027";"LOC105377324"
"2028";"LOC105373932"
"2029";"LOC105379188"
"2030";"LAMC2"
"2031";"LINC00601"
"2032";"LOC728158"
"2033";"KIRREL3-AS3"
"2034";"LOC102724749"
"2035";"LOC105374976"
"2036";"LOC105370779"
"2037";"LOC101060542"
"2038";"LOC105374057"
"2039";"LOC105376127"
"2040";"LOC105376222"
"2041";"DEC1"
"2042";"TNNT2"
"2043";"LOC105375254"
"2044";"LOC101928868"
"2045";"GIMD1"
"2046";"LOC105371024"
"2047";"LOC105372057"
"2048";"DIO2-AS1"
"2049";"THY1"
"2050";"SIRPA"
"2051";"LOC100506272"
"2052";"ASPN"
"2053";"LEMD1-AS1"
"2054";"LOC105371698"
"2055";"LOC392352"
"2056";"LOC105375672"
"2057";"LOC105375632"
"2058";"LOC105374319"
"2059";"LOC105376092"
"2060";"IGFL1"
"2061";"LOC105371310"
"2062";"LOC105373508"
"2063";"LOX"
"2064";"FBN1"
"2065";"DIRAS1"
"2066";"LINC01133"
"2067";"C20orf187"
"2068";"HAS2"
"2069";"HAS2-AS1"
"2070";"STC1"
"2071";"CAP2"
"2072";"LOC105375521"
"2073";"LOC105372698"
"2074";"LOC105375284"
"2075";"LOC101929534"
"2076";"PRIMA1"
"2077";"LOC105376600"
"2078";"TACC2"
"2079";"GSTM1"
"2080";"LOC102724654"
"2081";"LINC00112"
"2082";"MIR4289"
"2083";"LOC285423"
"2084";"KCNG4"
"2085";"LOC105375234"
"2086";"LOC101929084"
"2087";"P3H2"
"2088";"MAGI2-AS3"
"2089";"LOC105370683"
"2090";"TNFAIP2"
"2091";"LOC105374906"
"2092";"SNHG18"
"2093";"SNORD123"
"2094";"UGGT2"
"2095";"LOC105375061"
"2096";"MLIP"
"2097";"LOC105369149"
"2098";"LOC105377679"
"2099";"RUNX1T1"
"2100";"MGC27382"
"2101";"DOK5"
"2102";"LOC105373852"
"2103";"VEPH1"
"2104";"LOC105376296"
"2105";"RNA5SP499"
"2106";"RNY4P8"
"2107";"SLC2A5"
"2108";"LOC105375732"
"2109";"LOC101926942"
"2110";"LOC102724175"
"2111";"LINC00671"
"2112";"LOC101928879"
"2113";"LNX1-AS2"
"2114";"MIR4261"
"2115";"LOC105373424"
"2116";"NLRP14"
"2117";"DIO2"
"2118";"LRRC17"
"2119";"LOC101928855"
"2120";"LOC105376194"
"2121";"LOC105370195"
"2122";"SLC38A4"
"2123";"PAPPA2"
"2124";"KCNMA1-AS2"
"2125";"MIR297"
"2126";"RNU105C"
